"R0A0W1","manitoba"
"R0A0W2","manitoba"
"R0B0E0","manitoba"
"R2N0J3","manitoba"
"R2N0J8","manitoba"
"R2N0J9","manitoba"
"R2N0K1","manitoba"
"R3Y0V6","manitoba"
"R5G2N2","manitoba"
"R6M0E3","manitoba"
"R6M0E3","manitoba"
"R6M0E3","manitoba"
"R6M0E3","manitoba"
"R6M0E3","manitoba"
"R6M0E3","manitoba"
"R6M0E3","manitoba"
"R6M0E3","manitoba"
"R6M0E3","manitoba"
"R7B4H6","manitoba"
"R7B4H6","manitoba"
"R7B4H6","manitoba"
"R7B4H6","manitoba"
"R8A0Z1","manitoba"
"R8A1A3","manitoba"
"R8A1E4","manitoba"
"R8A1E5","manitoba"
"R8A1G9","manitoba"
"S0K2T2","saskatchewan"
"S0L3R0","saskatchewan"
"S3N4J1","saskatchewan"
"S3N4J2","saskatchewan"
"S4A2Y3","saskatchewan"
"S4H3P2","saskatchewan"
"S4H3P3","saskatchewan"
"S4H3P3","saskatchewan"
"S4H3P3","saskatchewan"
"S4H3P3","saskatchewan"
"S4H3P4","saskatchewan"
"S4H3P8","saskatchewan"
"S4H3P8","saskatchewan"
"S4H3P8","saskatchewan"
"S4H3P8","saskatchewan"
"S4H3P9","saskatchewan"
"S4H3P9","saskatchewan"
"S4H3P9","saskatchewan"
"S4H3P9","saskatchewan"
"S4H3R1","saskatchewan"
"S4H3R2","saskatchewan"
"S4V3L8","saskatchewan"
"S4V3M1","saskatchewan"
"S4W0P3","saskatchewan"
"S4W0P4","saskatchewan"
"S4W0P7","saskatchewan"
"S4W0P9","saskatchewan"
"S4W0R1","saskatchewan"
"S4W0R2","saskatchewan"
"S6H3N8","saskatchewan"
"S6H3N8","saskatchewan"
"S6H3N8","saskatchewan"
"S6H3N8","saskatchewan"
"S6H3N8","saskatchewan"
"S6H3N8","saskatchewan"
"S6H3N8","saskatchewan"
"S6H3N8","saskatchewan"
"S6H3N8","saskatchewan"
"S6H3N8","saskatchewan"
"S6H3N8","saskatchewan"
"S6H3N8","saskatchewan"
"S6H3N8","saskatchewan"
"S6H3N8","saskatchewan"
"S6H3N8","saskatchewan"
"S6H3N8","saskatchewan"
"S6H4Y4","saskatchewan"
"S6H5W6","saskatchewan"
"S6J0B6","saskatchewan"
"S6J0B6","saskatchewan"
"S6J0B6","saskatchewan"
"S6J0B6","saskatchewan"
"S6J0B6","saskatchewan"
"S6J0B6","saskatchewan"
"S6J0B6","saskatchewan"
"S6J0B6","saskatchewan"
"S6J0B6","saskatchewan"
"S6J0B6","saskatchewan"
"S6J0B6","saskatchewan"
"S6J0B6","saskatchewan"
"S6J0B6","saskatchewan"
"S6J0B6","saskatchewan"
"S6J0B6","saskatchewan"
"S6J0B6","saskatchewan"
"S6J0C4","saskatchewan"
"S6K0A6","saskatchewan"
"S6K0A7","saskatchewan"
"S6K0A7","saskatchewan"
"S6K0A7","saskatchewan"
"S6K0A7","saskatchewan"
"S6K0A7","saskatchewan"
"S6K0A7","saskatchewan"
"S6K0A7","saskatchewan"
"S6K0A7","saskatchewan"
"S6K0A7","saskatchewan"
"S6K0A7","saskatchewan"
"S6K0A7","saskatchewan"
"S6K0A7","saskatchewan"
"S6K0A7","saskatchewan"
"S6K0A7","saskatchewan"
"S6K0A7","saskatchewan"
"S6K0A7","saskatchewan"
"S6K0A9","saskatchewan"
"S6K0A9","saskatchewan"
"S6K0A9","saskatchewan"
"S6K0A9","saskatchewan"
"S6K0A9","saskatchewan"
"S6K0A9","saskatchewan"
"S6K0A9","saskatchewan"
"S6K0A9","saskatchewan"
"S6K0A9","saskatchewan"
"S6K0A9","saskatchewan"
"S6K0A9","saskatchewan"
"S6K0A9","saskatchewan"
"S6K0A9","saskatchewan"
"S6K0A9","saskatchewan"
"S6K0A9","saskatchewan"
"S6K0A9","saskatchewan"
"S6K0B1","saskatchewan"
"S6K0B2","saskatchewan"
"S6K0B3","saskatchewan"
"S6K0B4","saskatchewan"
"S6K0B4","saskatchewan"
"S6K0B4","saskatchewan"
"S6K0B4","saskatchewan"
"S6K0B4","saskatchewan"
"S6K0B4","saskatchewan"
"S6K0B4","saskatchewan"
"S6K0B4","saskatchewan"
"S6K0B4","saskatchewan"
"S6K0B4","saskatchewan"
"S6K0B4","saskatchewan"
"S6K0B4","saskatchewan"
"S6K0B4","saskatchewan"
"S6K0B4","saskatchewan"
"S6K0B4","saskatchewan"
"S6K0B4","saskatchewan"
"S7K4B2","saskatchewan"
"S7K4B8","saskatchewan"
"S7R0M5","saskatchewan"
"S7T0T7","saskatchewan"
"S7T0V7","saskatchewan"
"S7T0W7","saskatchewan"
"S7T0W8","saskatchewan"
"S7V0H3","saskatchewan"
"S7V0H5","saskatchewan"
"S7V0J7","saskatchewan"
"S7V0J8","saskatchewan"
"S7V0J9","saskatchewan"
"S7W0T5","saskatchewan"
"S7W0T6","saskatchewan"
"S7W0T7","saskatchewan"
"S7W0T9","saskatchewan"
"S9H5R5","saskatchewan"
"S9H5R5","saskatchewan"
"S9H5R5","saskatchewan"
"S9H5R5","saskatchewan"
"S9V2H3","saskatchewan"
"S9V2H8","saskatchewan"
"S9V2K1","saskatchewan"
"S9X0A6","saskatchewan"
"S9X0A6","saskatchewan"
"S9X0A6","saskatchewan"
"S9X0A6","saskatchewan"
"S9X0A6","saskatchewan"
"S9X0A6","saskatchewan"
"S9X0A6","saskatchewan"
"S9X0A6","saskatchewan"
"S9X0A6","saskatchewan"